S6,Diamond 1 14LP,Amelda
S7,Master 17LP,Amelda
S8,Challenger 497LP,Amelda
S9,Challenger 651LP,Amelda
S2020,Diamond 2 100LP,Amelda
S8,Challenger 482LP,bob kong
S9,Challenger 914LP,bob kong
S2020,Diamond 1 90LP,bob kong
S6,Diamond 1 14LP,Amelda
S6,Diamond 1 14LP,Amelda
S6,Diamond 1 14LP,Amelda
S7,Master 17LP,Amelda
S8,Challenger 497LP,Amelda
S9,Challenger 651LP,Amelda
S2020,Diamond 2 100LP,Amelda
S8,Challenger 482LP,bob kong
S9,Challenger 914LP,bob kong
S2020,Diamond 1 90LP,bob kong
